Date,Open,High,Low,Close,Volume,Dividends,Stock Splits,Year,Month,Has_Dividend,Has_Split,fund_total_revenue,fund_net_income,fund_total_debt,fund_stockholders_equity
2024-03-15,199.8949013467589,201.94196657968763,199.35425188076877,200.60943415950885,94127407,0.0,0.0,2024,3,0,0,391035000000.0,93736000000.0,106629000000.0,56950000000.0
2024-03-18,196.86431403598954,199.3801465253838,195.97458084412344,198.52946594702786,40344462,0.0,0.0,2024,3,0,0,391035000000.0,93736000000.0,106629000000.0,56950000000.0
2024-03-19,199.23306199782144,201.00087718044585,198.18574866230796,200.03036833864078,85693388,0.0,0.0,2024,3,0,0,391035000000.0,93736000000.0,106629000000.0,56950000000.0
2024-03-20,200.0455404307269,202.39395983952446,199.85302953543976,201.91149777142323,69079636,0.0,0.0,2024,3,0,0,391035000000.0,93736000000.0,106629000000.0,56950000000.0
2024-03-21,196.5250238351243,198.18015496903635,196.42352938409246,198.00942739411553,119526221,0.0,0.0,2024,3,0,0,391035000000.0,93736000000.0,106629000000.0,56950000000.0
2024-03-22,194.85082431464886,196.33746303283812,194.4536363202718,195.4050683803909,110636874,0.0,0.0,2024,3,0,0,391035000000.0,93736000000.0,106629000000.0,56950000000.0
2024-03-25,195.15260443553242,196.17340645720932,193.80028833872612,195.66074918672547,43091544,0.0,0.0,2024,3,0,0,391035000000.0,93736000000.0,106629000000.0,56950000000.0
2024-03-26,194.4507771265167,196.05733346736278,193.4459700579967,195.0282640020383,56706851,0.0,0.0,2024,3,0,0,391035000000.0,93736000000.0,106629000000.0,56950000000.0
2024-03-27,193.58577392055815,196.2654049346094,193.24502942784633,194.99466168702975,56639845,0.0,0.0,2024,3,0,0,391035000000.0,93736000000.0,106629000000.0,56950000000.0
2024-03-28,191.58635111559343,193.41399859336266,190.23998156904037,193.28857383188256,111804710,0.0,0.0,2024,3,0,0,391035000000.0,93736000000.0,106629000000.0,56950000000.0
2024-03-29,194.18954055066715,195.98136906616827,193.43160223426486,195.04736978160824,81513171,0.0,0.0,2024,3,0,0,391035000000.0,93736000000.0,106629000000.0,56950000000.0
2024-04-01,194.82884038808152,197.02674640802772,194.0623119287314,196.6029536524661,98309975,0.0,0.0,2024,4,0,0,391035000000.0,93736000000.0,106629000000.0,56950000000.0
2024-04-02,196.14916713735866,198.05845894465386,194.73940841597894,196.73501504758855,104795258,0.0,0.0,2024,4,0,0,391035000000.0,93736000000.0,106629000000.0,56950000000.0
2024-04-03,197.28805168106211,199.44462777071118,197.10477031200543,198.98949746152462,101409584,0.0,0.0,2024,4,0,0,391035000000.0,93736000000.0,106629000000.0,56950000000.0
2024-04-04,198.0328230007703,200.8795943325583,197.63157341629008,199.9245161460287,47123360,0.0,0.0,2024,4,0,0,391035000000.0,93736000000.0,106629000000.0,56950000000.0
2024-04-05,196.54776862160568,199.0808883963877,195.62768876638907,198.20593122026224,51226792,0.0,0.0,2024,4,0,0,391035000000.0,93736000000.0,106629000000.0,56950000000.0
2024-04-08,197.39625161245928,199.59806588851018,197.02257049904446,198.94343278842723,71618772,0.0,0.0,2024,4,0,0,391035000000.0,93736000000.0,106629000000.0,56950000000.0
2024-04-09,195.26869725878615,198.07433665580893,194.2173594458936,197.02566758676923,67070253,0.0,0.0,2024,4,0,0,391035000000.0,93736000000.0,106629000000.0,56950000000.0
2024-04-10,198.2223412400632,199.8986456779854,197.8226120349918,198.7825681893838,99766064,0.0,0.0,2024,4,0,0,391035000000.0,93736000000.0,106629000000.0,56950000000.0
2024-04-11,197.88004320133268,199.5764292808584,197.64122344249435,198.68271636741127,52498845,0.0,0.0,2024,4,0,0,391035000000.0,93736000000.0,106629000000.0,56950000000.0
2024-04-12,197.6256061213623,199.4747827723794,197.2358268978651,198.31299164032075,69723456,0.0,0.0,2024,4,0,0,391035000000.0,93736000000.0,106629000000.0,56950000000.0
2024-04-15,195.6943360662234,198.427916457903,195.0025084182425,196.95113255151287,58925956,0.0,0.0,2024,4,0,0,391035000000.0,93736000000.0,106629000000.0,56950000000.0
2024-04-16,197.77843303636766,200.08319657192206,197.43183941752534,199.39621522886094,55106913,0.0,0.0,2024,4,0,0,391035000000.0,93736000000.0,106629000000.0,56950000000.0
2024-04-17,197.64213849785872,199.90757253736305,197.35356966296604,199.08715626472332,53824308,0.0,0.0,2024,4,0,0,391035000000.0,93736000000.0,106629000000.0,56950000000.0
2024-04-18,196.45380397075422,198.34795844951483,195.14940933004772,198.23050062039712,55639666,0.0,0.0,2024,4,0,0,391035000000.0,93736000000.0,106629000000.0,56950000000.0
2024-04-19,196.793414030759,198.74067349825518,196.24485794572277,197.52623351942066,85149858,0.0,0.0,2024,4,0,0,391035000000.0,93736000000.0,106629000000.0,56950000000.0
2024-04-22,196.9889202526246,199.41917398439173,196.38385809149906,198.59085189052735,72803902,0.0,0.0,2024,4,0,0,391035000000.0,93736000000.0,106629000000.0,56950000000.0
2024-04-23,198.53217778295215,199.9928860217603,198.35479920965042,199.32174001925551,74823053,0.0,0.0,2024,4,0,0,391035000000.0,93736000000.0,106629000000.0,56950000000.0
2024-04-24,199.24106711547077,200.37890599077264,198.6407496425679,200.14720524244748,78353365,0.0,0.0,2024,4,0,0,391035000000.0,93736000000.0,106629000000.0,56950000000.0
2024-04-25,199.44399020254127,202.3543662388088,198.97326015429107,201.00884724846324,99284799,0.0,0.0,2024,4,0,0,391035000000.0,93736000000.0,106629000000.0,56950000000.0
2024-04-26,203.32183527285616,205.94515258626097,202.36715617857766,205.29214245020418,108945153,0.0,0.0,2024,4,0,0,391035000000.0,93736000000.0,106629000000.0,56950000000.0
2024-04-29,203.06199700846935,205.53492665492786,202.67445059172798,204.47931241743495,82114845,0.0,0.0,2024,4,0,0,391035000000.0,93736000000.0,106629000000.0,56950000000.0
2024-04-30,202.87307648680493,203.7639507782073,201.52936485251695,203.45482695929186,91380193,0.0,0.0,2024,4,0,0,391035000000.0,93736000000.0,106629000000.0,56950000000.0
2024-05-01,200.40281804790482,203.27345098415358,199.00128477861745,201.82728150279613,99084679,0.0,0.0,2024,5,0,0,391035000000.0,93736000000.0,106629000000.0,56950000000.0
2024-05-02,202.49571452057685,203.40905881449768,202.25595104052934,203.0592403479471,95232156,0.0,0.0,2024,5,0,0,391035000000.0,93736000000.0,106629000000.0,56950000000.0
2024-05-03,203.49096636633865,205.69654372344817,203.24060222753465,205.3171849333889,50741024,0.0,0.0,2024,5,0,0,391035000000.0,93736000000.0,106629000000.0,56950000000.0
2024-05-06,203.52492259042822,206.39186602285994,203.26346557707282,205.08929001807914,118638973,0.0,0.0,2024,5,0,0,391035000000.0,93736000000.0,106629000000.0,56950000000.0
2024-05-07,202.64928529452033,204.78659290595277,201.6818883356859,203.40897706415407,53184864,0.0,0.0,2024,5,0,0,391035000000.0,93736000000.0,106629000000.0,56950000000.0
2024-05-08,201.1224331240353,202.1570210033042,200.85167657414183,201.7600146327716,72947475,0.0,0.0,2024,5,0,0,391035000000.0,93736000000.0,106629000000.0,56950000000.0
2024-05-09,202.28590036510053,203.81892145186578,200.99256511999815,203.061200208421,92208196,0.0,0.0,2024,5,0,0,391035000000.0,93736000000.0,106629000000.0,56950000000.0
2024-05-10,202.57766778149661,205.67460141721585,201.42168766058356,204.5477085508279,72268352,0.0,0.0,2024,5,0,0,391035000000.0,93736000000.0,106629000000.0,56950000000.0
2024-05-13,204.44617612375055,206.9637291147734,203.19844372221732,205.63401708743828,59450493,0.0,0.0,2024,5,0,0,391035000000.0,93736000000.0,106629000000.0,56950000000.0
2024-05-14,202.62687625034877,204.93367144591312,201.79039151270834,204.3029976728609,113867757,0.0,0.0,2024,5,0,0,391035000000.0,93736000000.0,106629000000.0,56950000000.0
2024-05-15,203.31270780583267,205.59114760058353,201.81735970970587,204.76732031899434,45722382,0.0,0.0,2024,5,0,0,391035000000.0,93736000000.0,106629000000.0,56950000000.0
2024-05-16,203.6420722123378,206.1390949120034,203.48022706821598,205.00069193727577,59670046,0.0,0.0,2024,5,0,0,391035000000.0,93736000000.0,106629000000.0,56950000000.0
2024-05-17,204.72037374873625,206.56165949804773,204.05860279887568,205.43806913073382,119439789,0.0,0.0,2024,5,0,0,391035000000.0,93736000000.0,106629000000.0,56950000000.0
2024-05-20,205.26189000629304,208.3770708686667,204.70837866978036,207.1809266866302,98385219,0.0,0.0,2024,5,0,0,391035000000.0,93736000000.0,106629000000.0,56950000000.0
2024-05-21,206.67610383540747,208.52602513027767,205.24800013720977,207.62811778417955,46958110,0.0,0.0,2024,5,0,0,391035000000.0,93736000000.0,106629000000.0,56950000000.0
2024-05-22,207.61891908661204,209.23240604585004,206.7113137447154,208.98594491032335,100365851,0.0,0.0,2024,5,0,0,391035000000.0,93736000000.0,106629000000.0,56950000000.0
2024-05-23,207.57143913241754,210.4866656565304,206.34277178079492,209.12110304930113,117560798,0.0,0.0,2024,5,0,0,391035000000.0,93736000000.0,106629000000.0,56950000000.0
2024-05-24,208.22549211381315,211.01114340173055,207.88701444269122,209.6993418466811,47823039,0.0,0.0,2024,5,0,0,391035000000.0,93736000000.0,106629000000.0,56950000000.0
2024-05-27,209.05102668381488,212.17925470850383,207.58093888235427,210.96191829835817,73124154,0.0,0.0,2024,5,0,0,391035000000.0,93736000000.0,106629000000.0,56950000000.0
2024-05-28,207.32494817376676,208.28741412667188,206.52685280813992,208.04760665864686,77458512,0.0,0.0,2024,5,0,0,391035000000.0,93736000000.0,106629000000.0,56950000000.0
2024-05-29,206.14573511826183,207.79442053984624,205.35459421148292,207.40826422593224,50481013,0.0,0.0,2024,5,0,0,391035000000.0,93736000000.0,106629000000.0,56950000000.0
2024-05-30,205.36146733123553,207.6085594284974,203.9022287112715,206.46751891734667,56044997,0.0,0.0,2024,5,0,0,391035000000.0,93736000000.0,106629000000.0,56950000000.0
2024-05-31,203.97851012663602,205.32215935327469,203.34548482093203,205.18976322085996,53900361,0.0,0.0,2024,5,0,0,391035000000.0,93736000000.0,106629000000.0,56950000000.0
2024-06-03,203.96065242910998,206.11039320559678,203.304117394733,204.6394787184066,54830021,0.0,0.0,2024,6,0,0,391035000000.0,93736000000.0,106629000000.0,56950000000.0
2024-06-04,206.92821942606625,208.25736389337334,206.00956564213934,207.6293613408754,72282308,0.0,0.0,2024,6,0,0,391035000000.0,93736000000.0,106629000000.0,56950000000.0
2024-06-05,204.98058579081703,207.00473665665606,204.70131213605012,205.8976991094889,77106248,0.0,0.0,2024,6,0,0,391035000000.0,93736000000.0,106629000000.0,56950000000.0
2024-06-06,206.8771989130306,209.17685534255511,206.327679036054,207.83425581867186,59038775,0.0,0.0,2024,6,0,0,391035000000.0,93736000000.0,106629000000.0,56950000000.0
2024-06-07,203.32666145491825,205.1209981188504,202.95616980349507,204.46851627544027,63154376,0.0,0.0,2024,6,0,0,391035000000.0,93736000000.0,106629000000.0,56950000000.0
2024-06-10,202.38226489491376,204.34553169950823,202.1376680241639,203.7987462154687,55378942,0.0,0.0,2024,6,0,0,391035000000.0,93736000000.0,106629000000.0,56950000000.0
2024-06-11,202.6723086695513,205.07648992613625,201.35970622068788,204.1242523456787,103684835,0.0,0.0,2024,6,0,0,391035000000.0,93736000000.0,106629000000.0,56950000000.0
2024-06-12,204.17898066351893,206.21008213164455,203.25391703094047,205.29669700839727,56940332,0.0,0.0,2024,6,0,0,391035000000.0,93736000000.0,106629000000.0,56950000000.0
2024-06-13,205.60597550383991,207.39194613665768,205.00383359570083,206.71915016798297,112608391,0.0,0.0,2024,6,0,0,391035000000.0,93736000000.0,106629000000.0,56950000000.0
2024-06-14,207.4794018483374,209.24832929659763,206.807264720024,208.30584463838284,83108440,0.0,0.0,2024,6,0,0,391035000000.0,93736000000.0,106629000000.0,56950000000.0
2024-06-17,206.22593512127244,209.01792841127906,205.52180851611016,207.60839449388595,104217648,0.0,0.0,2024,6,0,0,391035000000.0,93736000000.0,106629000000.0,56950000000.0
2024-06-18,205.70812954158097,207.43838726783406,204.72172068657838,206.68369090855683,90911554,0.0,0.0,2024,6,0,0,391035000000.0,93736000000.0,106629000000.0,56950000000.0
2024-06-19,207.8455529196551,208.77508172412203,206.4480757715705,208.39964267107115,61282469,0.0,0.0,2024,6,0,0,391035000000.0,93736000000.0,106629000000.0,56950000000.0
2024-06-20,206.8894339550726,208.6451223973441,205.48354248755282,208.0170340213079,88108975,0.0,0.0,2024,6,0,0,391035000000.0,93736000000.0,106629000000.0,56950000000.0
2024-06-21,204.25446236199681,206.11741115026246,203.60637359065387,205.46566137463208,61930751,0.0,0.0,2024,6,0,0,391035000000.0,93736000000.0,106629000000.0,56950000000.0
2024-06-24,202.36069764431878,203.4826391168618,201.7997302008819,203.1990869466251,49484840,0.0,0.0,2024,6,0,0,391035000000.0,93736000000.0,106629000000.0,56950000000.0
2024-06-25,200.0014954749387,201.68820247539824,199.27003037467935,201.36018237462187,62051239,0.0,0.0,2024,6,0,0,391035000000.0,93736000000.0,106629000000.0,56950000000.0
2024-06-26,201.00584601208155,203.41289076548057,200.11073808948166,202.35450386272942,50803047,0.0,0.0,2024,6,0,0,391035000000.0,93736000000.0,106629000000.0,56950000000.0
2024-06-27,201.086352063205,203.214624190763,200.33980698717536,202.63935533487054,41888748,0.0,0.0,2024,6,0,0,391035000000.0,93736000000.0,106629000000.0,56950000000.0
2024-06-28,202.54840331970425,205.4571837916042,201.52614854596087,204.02032604300607,115503869,0.0,0.0,2024,6,0,0,391035000000.0,93736000000.0,106629000000.0,56950000000.0
2024-07-01,201.68717116555146,203.60685619383506,200.8110125328198,203.165820750333,81073765,0.0,0.0,2024,7,0,0,391035000000.0,93736000000.0,106629000000.0,56950000000.0
2024-07-02,202.50857890475038,203.72139443963317,201.95957713937867,203.48290013248644,72163823,0.0,0.0,2024,7,0,0,391035000000.0,93736000000.0,106629000000.0,56950000000.0
2024-07-03,203.0529325874422,205.8889873086215,202.46890945937452,204.73408092042112,114396185,0.0,0.0,2024,7,0,0,391035000000.0,93736000000.0,106629000000.0,56950000000.0
2024-07-04,202.79167126558113,205.44883831366568,202.1616413629975,204.11538784098065,57975157,0.0,0.0,2024,7,0,0,391035000000.0,93736000000.0,106629000000.0,56950000000.0
2024-07-05,203.88181102332564,205.51829701571555,203.6493153477765,205.02893831609546,72229651,0.0,0.0,2024,7,0,0,391035000000.0,93736000000.0,106629000000.0,56950000000.0
2024-07-08,202.26606771255055,204.0880097762658,201.933580027171,203.70508643396215,107733684,0.0,0.0,2024,7,0,0,391035000000.0,93736000000.0,106629000000.0,56950000000.0
2024-07-09,201.93799273915664,203.33905132965154,200.8256334161531,202.97897874083202,90562556,0.0,0.0,2024,7,0,0,391035000000.0,93736000000.0,106629000000.0,56950000000.0
2024-07-10,200.94639408592522,203.04632017474847,200.3016586897943,202.21550295283535,71935624,0.0,0.0,2024,7,0,0,391035000000.0,93736000000.0,106629000000.0,56950000000.0
2024-07-11,198.21876512893394,200.57960695940272,197.81841056734973,199.82382366165726,60466222,0.0,0.0,2024,7,0,0,391035000000.0,93736000000.0,106629000000.0,56950000000.0
2024-07-12,198.96816429314285,201.26098439902478,198.08042291833806,200.79776862322842,42809344,0.0,0.0,2024,7,0,0,391035000000.0,93736000000.0,106629000000.0,56950000000.0
2024-07-15,197.9773781468802,200.02220630660818,196.8196227874174,199.85896394282298,46804202,0.0,0.0,2024,7,0,0,391035000000.0,93736000000.0,106629000000.0,56950000000.0
2024-07-16,198.6285027925037,200.65804005673516,198.16811148522018,199.88395218027836,52955325,0.0,0.0,2024,7,0,0,391035000000.0,93736000000.0,106629000000.0,56950000000.0
2024-07-17,199.56503282597933,202.28851078478004,198.3075269912861,200.84544549809019,102929554,0.0,0.0,2024,7,0,0,391035000000.0,93736000000.0,106629000000.0,56950000000.0
2024-07-18,200.0387022340043,202.7520347312038,198.64019543052922,201.73850785015006,91140027,0.0,0.0,2024,7,0,0,391035000000.0,93736000000.0,106629000000.0,56950000000.0
2024-07-19,202.09760203047932,203.86298724737568,201.16124968977596,203.06927806809563,74677433,0.0,0.0,2024,7,0,0,391035000000.0,93736000000.0,106629000000.0,56950000000.0
2024-07-22,201.1162335555592,203.12727600271828,200.079706832971,202.8723070990768,102632421,0.0,0.0,2024,7,0,0,391035000000.0,93736000000.0,106629000000.0,56950000000.0
2024-07-23,200.78449800521233,202.4791212817579,200.61089161876006,202.02571047498847,52862494,0.0,0.0,2024,7,0,0,391035000000.0,93736000000.0,106629000000.0,56950000000.0
2024-07-24,201.19248896667278,202.37895758258006,199.76876111924213,201.8662740531757,56874751,0.0,0.0,2024,7,0,0,391035000000.0,93736000000.0,106629000000.0,56950000000.0
2024-07-25,197.88351646465023,199.66233015890975,197.2340378366793,198.49160518525963,71418342,0.0,0.0,2024,7,0,0,391035000000.0,93736000000.0,106629000000.0,56950000000.0
2024-07-26,193.83439042385427,196.92477535658392,192.44092986309067,195.59738024041346,113391647,0.0,0.0,2024,7,0,0,391035000000.0,93736000000.0,106629000000.0,56950000000.0
2024-07-29,192.36862914034435,194.31427961069767,191.45806060569402,192.95198101570466,89138576,0.0,0.0,2024,7,0,0,391035000000.0,93736000000.0,106629000000.0,56950000000.0
2024-07-30,190.0365702063012,192.43588341205273,189.93010388792055,190.9574873605017,108079769,0.0,0.0,2024,7,0,0,391035000000.0,93736000000.0,106629000000.0,56950000000.0
2024-07-31,190.75584075319625,193.2323491702949,190.60188195414344,191.75703581394856,59852952,0.0,0.0,2024,7,0,0,391035000000.0,93736000000.0,106629000000.0,56950000000.0
2024-08-01,189.18658603544105,191.3802764891036,188.13399970750316,189.94607770322844,107870460,0.0,0.0,2024,8,0,0,391035000000.0,93736000000.0,106629000000.0,56950000000.0
2024-08-02,188.21891254044667,189.3903035918537,187.33117732108195,189.18975259514966,45798381,0.0,0.0,2024,8,0,0,391035000000.0,93736000000.0,106629000000.0,56950000000.0
2024-08-05,190.17417034063413,192.0811201410207,190.03702492854563,191.78820919072177,58212891,0.0,0.0,2024,8,0,0,391035000000.0,93736000000.0,106629000000.0,56950000000.0
2024-08-06,190.55365698325883,191.60193438566537,189.4128130375475,191.07568124859893,81842032,0.0,0.0,2024,8,0,0,391035000000.0,93736000000.0,106629000000.0,56950000000.0
2024-08-07,190.80995224875207,193.42476994122336,189.5169487768552,192.5507123855331,44042879,0.0,0.0,2024,8,0,0,391035000000.0,93736000000.0,106629000000.0,56950000000.0
2024-08-08,188.89865499015153,190.91924606970102,188.1036705147365,190.68347702551335,108660956,0.0,0.0,2024,8,0,0,391035000000.0,93736000000.0,106629000000.0,56950000000.0
2024-08-09,189.21420954999078,191.5567176507011,188.46214913349064,190.2726019097781,109393883,0.0,0.0,2024,8,0,0,391035000000.0,93736000000.0,106629000000.0,56950000000.0
2024-08-12,187.64213845136598,189.33601645066514,187.53447609899752,188.37255779995692,83317336,0.0,0.0,2024,8,0,0,391035000000.0,93736000000.0,106629000000.0,56950000000.0
2024-08-13,186.29323103623818,188.5538018113789,185.09192143874714,187.6944916481558,64464018,0.0,0.0,2024,8,0,0,391035000000.0,93736000000.0,106629000000.0,56950000000.0
2024-08-14,188.69559908927326,189.7065437757848,188.13259659582872,189.3751079230706,47917113,0.0,0.0,2024,8,0,0,391035000000.0,93736000000.0,106629000000.0,56950000000.0
2024-08-15,184.87308803506852,186.37502474084616,183.54281896737297,185.9204670766859,89513310,0.0,0.0,2024,8,0,0,391035000000.0,93736000000.0,106629000000.0,56950000000.0
2024-08-16,184.85167059242616,187.11375119875277,184.2293857698449,186.7893143637776,83013718,0.0,0.0,2024,8,0,0,391035000000.0,93736000000.0,106629000000.0,56950000000.0
2024-08-19,185.27158885956672,188.55749198935487,184.38047978468373,187.26478556844216,100797350,0.0,0.0,2024,8,0,0,391035000000.0,93736000000.0,106629000000.0,56950000000.0
2024-08-20,184.4183283200167,186.9944046611343,183.93984981653765,186.07648565704858,88202786,0.0,0.0,2024,8,0,0,391035000000.0,93736000000.0,106629000000.0,56950000000.0
2024-08-21,182.2179276833905,184.31355114679914,181.89310404577162,183.18436994827167,50263460,0.0,0.0,2024,8,0,0,391035000000.0,93736000000.0,106629000000.0,56950000000.0
2024-08-22,181.79713138995027,183.84307497177343,180.6122603252164,183.3286289636994,49741183,0.0,0.0,2024,8,0,0,391035000000.0,93736000000.0,106629000000.0,56950000000.0
2024-08-23,180.71153399734578,182.8893972374954,179.91630732696098,182.2696435455718,102467068,0.0,0.0,2024,8,0,0,391035000000.0,93736000000.0,106629000000.0,56950000000.0
2024-08-26,181.65323342553575,183.40179291847838,180.8021503322826,182.73499596828123,52721914,0.0,0.0,2024,8,0,0,391035000000.0,93736000000.0,106629000000.0,56950000000.0
2024-08-27,181.31736730744888,183.94272121976977,179.86578497257446,182.7787002593281,115080916,0.0,0.0,2024,8,0,0,391035000000.0,93736000000.0,106629000000.0,56950000000.0
2024-08-28,185.46616657450642,187.16355222471435,184.0171546973954,185.98225804196994,48475789,0.0,0.0,2024,8,0,0,391035000000.0,93736000000.0,106629000000.0,56950000000.0
2024-08-29,184.68996029912051,185.89308572554353,183.39206132873716,185.50354678702388,98269997,0.0,0.0,2024,8,0,0,391035000000.0,93736000000.0,106629000000.0,56950000000.0
2024-08-30,182.16891934732928,184.8747062012135,181.80626633745823,183.45655180178017,118018477,0.0,0.0,2024,8,0,0,391035000000.0,93736000000.0,106629000000.0,56950000000.0
2024-09-02,183.06947611530535,184.08402054411394,182.13749434328315,183.8151030716928,75297819,0.0,0.0,2024,9,0,0,391035000000.0,93736000000.0,106629000000.0,56950000000.0
2024-09-03,183.5062361378215,185.6096673550294,182.17682974330376,184.2550964396363,44537134,0.0,0.0,2024,9,0,0,391035000000.0,93736000000.0,106629000000.0,56950000000.0
2024-09-04,185.21901515429184,187.2140254940269,184.59476564326332,186.97347159011719,110134251,0.0,0.0,2024,9,0,0,391035000000.0,93736000000.0,106629000000.0,56950000000.0
2024-09-05,186.65999457792094,189.11404981755817,186.41844594561113,188.64369408194634,54984556,0.0,0.0,2024,9,0,0,391035000000.0,93736000000.0,106629000000.0,56950000000.0
2024-09-06,188.0234820582027,190.6425061507405,186.7881339950668,189.35743620024536,82196610,0.0,0.0,2024,9,0,0,391035000000.0,93736000000.0,106629000000.0,56950000000.0
2024-09-09,190.5254373863619,192.635330883969,189.75096841445486,192.28404198268447,118762872,0.0,0.0,2024,9,0,0,391035000000.0,93736000000.0,106629000000.0,56950000000.0
2024-09-10,187.92103337754938,190.58551097787273,187.03088362504653,189.90651587403877,99581674,0.0,0.0,2024,9,0,0,391035000000.0,93736000000.0,106629000000.0,56950000000.0
2024-09-11,187.91461897568612,189.35681582846107,186.43961696084114,188.6270128085393,43705330,0.0,0.0,2024,9,0,0,391035000000.0,93736000000.0,106629000000.0,56950000000.0
2024-09-12,185.6014925058467,187.21722348796072,184.65139650315498,186.77386092572823,105640475,0.0,0.0,2024,9,0,0,391035000000.0,93736000000.0,106629000000.0,56950000000.0
2024-09-13,184.9053822456538,187.08858460128707,184.21041110572128,185.9942413194167,52899350,0.0,0.0,2024,9,0,0,391035000000.0,93736000000.0,106629000000.0,56950000000.0
2024-09-16,182.6207950988348,184.53273753346718,182.00281698384873,183.2408690243041,99948228,0.0,0.0,2024,9,0,0,391035000000.0,93736000000.0,106629000000.0,56950000000.0
2024-09-17,182.8781756587408,185.8355761137307,182.19350864902512,184.5111709179329,89676425,0.0,0.0,2024,9,0,0,391035000000.0,93736000000.0,106629000000.0,56950000000.0
2024-09-18,182.91605698275143,184.64177652776652,182.6502982663013,184.06672552373533,63028390,0.0,0.0,2024,9,0,0,391035000000.0,93736000000.0,106629000000.0,56950000000.0
2024-09-19,179.92112253344442,181.96830348673296,178.70847175165983,181.12511293473003,73888750,0.0,0.0,2024,9,0,0,391035000000.0,93736000000.0,106629000000.0,56950000000.0
2024-09-20,178.36794531159507,179.54172373772684,177.09514171013322,179.09395477231493,49427512,0.0,0.0,2024,9,0,0,391035000000.0,93736000000.0,106629000000.0,56950000000.0
2024-09-23,178.94959248886903,180.16369756938553,178.45143650046626,179.72098246721532,118942735,0.0,0.0,2024,9,0,0,391035000000.0,93736000000.0,106629000000.0,56950000000.0
2024-09-24,179.5365801697698,181.7229912909968,179.01126490399588,181.3972356030041,59067082,0.0,0.0,2024,9,0,0,391035000000.0,93736000000.0,106629000000.0,56950000000.0
2024-09-25,184.82372375292624,186.8067240015182,183.4996557940575,185.39069738638767,64694265,0.0,0.0,2024,9,0,0,391035000000.0,93736000000.0,106629000000.0,56950000000.0
2024-09-26,190.36914389098678,192.56160667845015,190.23558539324765,191.21842231840233,80229994,0.0,0.0,2024,9,0,0,391035000000.0,93736000000.0,106629000000.0,56950000000.0
2024-09-27,191.10915218948253,193.23554338361308,190.2805117682084,192.04724118495432,93790435,0.0,0.0,2024,9,0,0,391035000000.0,93736000000.0,106629000000.0,56950000000.0
2024-09-30,188.8328686312882,190.8928910746934,188.0837226307341,190.06816494489058,80422153,0.0,0.0,2024,9,0,0,391035000000.0,93736000000.0,106629000000.0,56950000000.0
2024-10-01,184.4244046239058,186.5909234651446,183.35822714649595,185.80407238342798,80411131,0.0,0.0,2024,10,0,0,391035000000.0,93736000000.0,106629000000.0,56950000000.0
2024-10-02,185.09956034433966,187.18113924077116,184.77081196413042,186.33949530811566,86611547,0.0,0.0,2024,10,0,0,391035000000.0,93736000000.0,106629000000.0,56950000000.0
2024-10-03,184.08744011565966,185.56480833650292,183.05177707854645,184.713613117495,108615719,0.0,0.0,2024,10,0,0,391035000000.0,93736000000.0,106629000000.0,56950000000.0
2024-10-04,183.01739741605206,184.5912869157124,182.38996980502725,183.88289859713564,71608146,0.0,0.0,2024,10,0,0,391035000000.0,93736000000.0,106629000000.0,56950000000.0
2024-10-07,180.8933224218722,182.9431617650649,179.9271217324347,182.658704999016,106570433,0.0,0.0,2024,10,0,0,391035000000.0,93736000000.0,106629000000.0,56950000000.0
2024-10-08,180.92074017546557,182.6530526201992,180.76460716164368,182.37712322618324,102951310,0.0,0.0,2024,10,0,0,391035000000.0,93736000000.0,106629000000.0,56950000000.0
2024-10-09,183.03536011255713,185.9422332899425,182.2889420364988,184.50908368775853,116880510,0.0,0.0,2024,10,0,0,391035000000.0,93736000000.0,106629000000.0,56950000000.0
2024-10-10,183.31787593962218,185.5980238860701,182.48672468804685,184.82318082264922,103854410,0.0,0.0,2024,10,0,0,391035000000.0,93736000000.0,106629000000.0,56950000000.0
2024-10-11,182.86155662001255,185.94039888343912,182.46149965601558,184.50591114857184,59738004,0.0,0.0,2024,10,0,0,391035000000.0,93736000000.0,106629000000.0,56950000000.0
2024-10-14,181.84744092033804,182.76361127171438,181.55196780448728,182.43460364292022,101943798,0.0,0.0,2024,10,0,0,391035000000.0,93736000000.0,106629000000.0,56950000000.0
2024-10-15,178.0353251761126,179.96142092636742,177.67146115189536,179.0852377535115,98921857,0.0,0.0,2024,10,0,0,391035000000.0,93736000000.0,106629000000.0,56950000000.0
2024-10-16,176.80333078247233,178.503426090057,176.22153327318364,178.11262193536484,63160119,0.0,0.0,2024,10,0,0,391035000000.0,93736000000.0,106629000000.0,56950000000.0
2024-10-17,176.9973721087822,178.45951528230543,176.76183789975525,178.0050568337282,94237748,0.0,0.0,2024,10,0,0,391035000000.0,93736000000.0,106629000000.0,56950000000.0
2024-10-18,179.7741983509572,181.68299307115362,178.34795063693574,181.54091666088797,60237547,0.0,0.0,2024,10,0,0,391035000000.0,93736000000.0,106629000000.0,56950000000.0
2024-10-21,180.5776069409528,182.06800033887004,179.91061525485864,181.80146570383374,81847239,0.0,0.0,2024,10,0,0,391035000000.0,93736000000.0,106629000000.0,56950000000.0
2024-10-22,182.1140033416908,185.15053249656071,180.88144589818134,183.76694472587985,103739976,0.0,0.0,2024,10,0,0,391035000000.0,93736000000.0,106629000000.0,56950000000.0
2024-10-23,180.9903302534798,183.31849971687683,179.52614628112744,182.76835352880155,55082418,0.0,0.0,2024,10,0,0,391035000000.0,93736000000.0,106629000000.0,56950000000.0
2024-10-24,179.14127877161226,181.34984689264795,178.92824937960842,180.3984659959675,66956225,0.0,0.0,2024,10,0,0,391035000000.0,93736000000.0,106629000000.0,56950000000.0
2024-10-25,176.60390410569573,179.21925225628772,175.59156685058673,178.46823247150274,103618580,0.0,0.0,2024,10,0,0,391035000000.0,93736000000.0,106629000000.0,56950000000.0
2024-10-28,175.63709443162577,177.67841208577465,174.31712171018808,177.01778034243125,76303329,0.0,0.0,2024,10,0,0,391035000000.0,93736000000.0,106629000000.0,56950000000.0
2024-10-29,179.49930835905099,182.1193603351861,178.51138015149758,181.27471980730158,116850102,0.0,0.0,2024,10,0,0,391035000000.0,93736000000.0,106629000000.0,56950000000.0
2024-10-30,178.62106025546552,179.99408097131428,177.92042368556514,179.6319464488528,40636835,0.0,0.0,2024,10,0,0,391035000000.0,93736000000.0,106629000000.0,56950000000.0
2024-10-31,180.06069941852826,182.7929703142529,179.35719251783516,181.3089248563255,97746906,0.0,0.0,2024,10,0,0,391035000000.0,93736000000.0,106629000000.0,56950000000.0
2024-11-01,178.20595393864457,180.74870151633684,178.05569549823426,179.50307050015144,105135860,0.0,0.0,2024,11,0,0,391035000000.0,93736000000.0,106629000000.0,56950000000.0
2024-11-04,180.7087469520558,182.50447701172405,179.8603059002508,181.36621652589992,113428799,0.0,0.0,2024,11,0,0,391035000000.0,93736000000.0,106629000000.0,56950000000.0
2024-11-05,181.03828969805934,182.8923814739312,179.54732950255774,182.13611845811167,52540344,0.0,0.0,2024,11,0,0,391035000000.0,93736000000.0,106629000000.0,56950000000.0
2024-11-06,179.94683615396795,182.13687063377233,178.50464561760725,181.82284266279547,118734821,0.0,0.0,2024,11,0,0,391035000000.0,93736000000.0,106629000000.0,56950000000.0
2024-11-07,180.2950692499775,183.13024981210762,180.13851032959846,181.74131761052462,71382252,0.0,0.0,2024,11,0,0,391035000000.0,93736000000.0,106629000000.0,56950000000.0
2024-11-08,179.66548234601038,181.00968411400027,178.5773665409291,180.43174221966584,68164053,0.0,0.0,2024,11,0,0,391035000000.0,93736000000.0,106629000000.0,56950000000.0
2024-11-11,180.31560316921556,181.49403598820567,179.79313235583987,181.32388662262997,68443380,0.0,0.0,2024,11,0,0,391035000000.0,93736000000.0,106629000000.0,56950000000.0
2024-11-12,179.62651514745437,180.9932848094833,178.2623303326858,180.41391966194843,91057884,0.0,0.0,2024,11,0,0,391035000000.0,93736000000.0,106629000000.0,56950000000.0
2024-11-13,177.42547343671606,179.17494797710816,177.26231279272307,177.96270813441393,92743477,0.0,0.0,2024,11,0,0,391035000000.0,93736000000.0,106629000000.0,56950000000.0
2024-11-14,173.51564229801863,176.37862522875818,172.10541855520313,175.40683298577468,77914618,0.0,0.0,2024,11,0,0,391035000000.0,93736000000.0,106629000000.0,56950000000.0
2024-11-15,174.57969782883362,176.90318283986173,173.30723178753072,175.75200882121894,45682899,0.0,0.0,2024,11,0,0,391035000000.0,93736000000.0,106629000000.0,56950000000.0
2024-11-18,177.9488887254086,180.1212808714471,177.68438259025496,178.91019133403978,118930299,0.0,0.0,2024,11,0,0,391035000000.0,93736000000.0,106629000000.0,56950000000.0
2024-11-19,177.83245877385008,179.62691101669944,177.64870470160585,179.2301745611867,57768207,0.0,0.0,2024,11,0,0,391035000000.0,93736000000.0,106629000000.0,56950000000.0
2024-11-20,178.4819262245274,180.38619455149737,177.21333549446967,178.9928979089669,47504625,0.0,0.0,2024,11,0,0,391035000000.0,93736000000.0,106629000000.0,56950000000.0
2024-11-21,178.64751702827078,180.27773563226052,178.32945628890639,179.564550188172,87790604,0.0,0.0,2024,11,0,0,391035000000.0,93736000000.0,106629000000.0,56950000000.0
2024-11-22,180.62200347303732,183.17117278055548,179.7731460588711,182.17655367158565,72989993,0.0,0.0,2024,11,0,0,391035000000.0,93736000000.0,106629000000.0,56950000000.0
2024-11-25,181.16466401470947,182.7185509559348,179.78262121367928,182.61531867431336,89245376,0.0,0.0,2024,11,0,0,391035000000.0,93736000000.0,106629000000.0,56950000000.0
2024-11-26,179.8207552913321,183.28418011042154,178.92632793236305,181.7934642126459,110043123,0.0,0.0,2024,11,0,0,391035000000.0,93736000000.0,106629000000.0,56950000000.0
2024-11-27,182.5755050682786,184.4992965731155,181.91937844621665,184.00604163276566,47785969,0.0,0.0,2024,11,0,0,391035000000.0,93736000000.0,106629000000.0,56950000000.0
2024-11-28,183.6472956992473,185.05044285884512,182.92427322245172,184.8635545096889,62724104,0.0,0.0,2024,11,0,0,391035000000.0,93736000000.0,106629000000.0,56950000000.0
2024-11-29,186.29291764890485,188.67663335183198,186.10455360991944,187.93506649368086,81325721,0.0,0.0,2024,11,0,0,391035000000.0,93736000000.0,106629000000.0,56950000000.0
2024-12-02,186.4465435601786,188.58217744817955,184.99029031027237,188.3015353681247,103023428,0.0,0.0,2024,12,0,0,391035000000.0,93736000000.0,106629000000.0,56950000000.0
2024-12-03,184.27155338460616,186.1658546989043,183.73663752549265,185.85259730468368,88051440,0.0,0.0,2024,12,0,0,391035000000.0,93736000000.0,106629000000.0,56950000000.0
2024-12-04,181.17146207086827,184.10147484443465,180.80635318252627,183.11627890619235,88804901,0.0,0.0,2024,12,0,0,391035000000.0,93736000000.0,106629000000.0,56950000000.0
2024-12-05,184.7451270145476,187.0682331188532,184.24466079197103,186.41813477065486,118398283,0.0,0.0,2024,12,0,0,391035000000.0,93736000000.0,106629000000.0,56950000000.0
2024-12-06,188.06526405482853,191.25605964243843,186.61514158198045,189.86546621222143,110682386,0.0,0.0,2024,12,0,0,391035000000.0,93736000000.0,106629000000.0,56950000000.0
2024-12-09,188.83527167888082,190.05324687810756,188.6032712039976,189.50642778565626,102396498,0.0,0.0,2024,12,0,0,391035000000.0,93736000000.0,106629000000.0,56950000000.0
2024-12-10,187.1414328888936,189.85670532312173,185.82720863219194,188.74005314338427,64105628,0.0,0.0,2024,12,0,0,391035000000.0,93736000000.0,106629000000.0,56950000000.0
2024-12-11,190.50280867857762,192.40848093008555,189.4118272264156,191.66294172786868,59960248,0.0,0.0,2024,12,0,0,391035000000.0,93736000000.0,106629000000.0,56950000000.0
2024-12-12,188.1191946601648,190.4727821853627,186.85716780934214,189.4488503637817,101615449,0.0,0.0,2024,12,0,0,391035000000.0,93736000000.0,106629000000.0,56950000000.0
2024-12-13,186.1782427116465,188.59896982527243,184.71198615513146,187.65939632587003,56598376,0.0,0.0,2024,12,0,0,391035000000.0,93736000000.0,106629000000.0,56950000000.0
2024-12-16,186.99132724018978,189.70794747711074,185.71231072246616,188.94604991524812,66948523,0.0,0.0,2024,12,0,0,391035000000.0,93736000000.0,106629000000.0,56950000000.0
2024-12-17,186.1799725473815,189.58692520200316,184.75923725559252,188.15683966952895,58831750,0.0,0.0,2024,12,0,0,391035000000.0,93736000000.0,106629000000.0,56950000000.0
2024-12-18,187.21425356785693,188.72639503594573,186.93654420834963,188.1465959360888,88509027,0.0,0.0,2024,12,0,0,391035000000.0,93736000000.0,106629000000.0,56950000000.0
2024-12-19,186.21907989288292,188.16783984078876,185.00497590164915,187.81971013903978,63531181,0.0,0.0,2024,12,0,0,391035000000.0,93736000000.0,106629000000.0,56950000000.0
2024-12-20,186.86988392973475,189.54419092186941,186.0059379580213,188.49485923663767,92678461,0.0,0.0,2024,12,0,0,391035000000.0,93736000000.0,106629000000.0,56950000000.0
2024-12-23,190.2900836672955,192.59423354509616,189.4291898341837,191.3098229592651,114787536,0.0,0.0,2024,12,0,0,391035000000.0,93736000000.0,106629000000.0,56950000000.0
2024-12-24,190.80518811077224,191.64734800898447,189.4466979039235,191.49099277306857,106367632,0.0,0.0,2024,12,0,0,391035000000.0,93736000000.0,106629000000.0,56950000000.0
2024-12-25,192.2174499191937,193.50835612341405,190.75692457308833,192.7788703596223,115836312,0.0,0.0,2024,12,0,0,391035000000.0,93736000000.0,106629000000.0,56950000000.0
2024-12-26,187.01251146626646,190.02800892312248,185.925737814006,188.67852615756024,41956067,0.0,0.0,2024,12,0,0,391035000000.0,93736000000.0,106629000000.0,56950000000.0
2024-12-27,187.34653974097466,189.73055542019202,186.57042599571417,188.5810893537,76436422,0.0,0.0,2024,12,0,0,391035000000.0,93736000000.0,106629000000.0,56950000000.0
2024-12-30,184.9163185588719,188.38315961621095,184.1773531578093,186.89462881311428,57612631,0.0,0.0,2024,12,0,0,391035000000.0,93736000000.0,106629000000.0,56950000000.0
2024-12-31,183.25954250797653,185.30098202850317,182.61866446786408,184.45700269226703,113429477,0.0,0.0,2024,12,0,0,391035000000.0,93736000000.0,106629000000.0,56950000000.0
2025-01-01,180.73382248979874,183.7246919647311,180.12758384839702,182.7006979584095,96953424,0.0,0.0,2025,1,0,0,391035000000.0,93736000000.0,106629000000.0,56950000000.0
2025-01-02,180.9150870737168,182.555923470601,180.2669774953586,182.0324510770079,65617681,0.0,0.0,2025,1,0,0,391035000000.0,93736000000.0,106629000000.0,56950000000.0
2025-01-03,182.17373293587994,185.2908060012523,181.94807840652825,183.8642561617199,85081858,0.0,0.0,2025,1,0,0,391035000000.0,93736000000.0,106629000000.0,56950000000.0
2025-01-06,180.58424181777303,181.82434041021992,180.37583129840843,181.21147072624078,88434573,0.0,0.0,2025,1,0,0,391035000000.0,93736000000.0,106629000000.0,56950000000.0
2025-01-07,179.93954114622298,182.4066487091909,178.74772336480174,181.27273371142962,79648406,0.0,0.0,2025,1,0,0,391035000000.0,93736000000.0,106629000000.0,56950000000.0
2025-01-08,178.60130516428387,180.96879113052918,177.87680311419555,180.30439484476247,77948176,0.0,0.0,2025,1,0,0,391035000000.0,93736000000.0,106629000000.0,56950000000.0
2025-01-09,177.7619961552087,180.53559515812674,176.35903787124622,179.64904865603853,44416796,0.0,0.0,2025,1,0,0,391035000000.0,93736000000.0,106629000000.0,56950000000.0
2025-01-10,179.9206896707216,182.7622598556779,178.96358025869006,181.65456430664776,76196947,0.0,0.0,2025,1,0,0,391035000000.0,93736000000.0,106629000000.0,56950000000.0
2025-01-13,182.17533908985385,183.5433029931075,182.02609271479565,182.7307951806556,67862070,0.0,0.0,2025,1,0,0,391035000000.0,93736000000.0,106629000000.0,56950000000.0
2025-01-14,184.346537883581,186.7755122532144,184.0260052057365,185.40559139554108,105460028,0.0,0.0,2025,1,0,0,391035000000.0,93736000000.0,106629000000.0,56950000000.0
2025-01-15,184.52353232857052,185.78360142014023,184.1353846183523,185.0965800370413,109208018,0.0,0.0,2025,1,0,0,391035000000.0,93736000000.0,106629000000.0,56950000000.0
2025-01-16,183.04077137702805,184.71059533110054,181.57474094288253,183.7046948136999,100033274,0.0,0.0,2025,1,0,0,391035000000.0,93736000000.0,106629000000.0,56950000000.0
2025-01-17,181.74401873693768,183.83628458655897,181.3378328203254,183.2569771799389,42471426,0.0,0.0,2025,1,0,0,391035000000.0,93736000000.0,106629000000.0,56950000000.0
2025-01-20,182.1720834680138,184.41339009800475,181.3500255212105,183.74197076248134,107298160,0.0,0.0,2025,1,0,0,391035000000.0,93736000000.0,106629000000.0,56950000000.0
2025-01-21,182.4345364552613,184.81118763091573,181.02388875096503,184.09511747938876,71714898,0.0,0.0,2025,1,0,0,391035000000.0,93736000000.0,106629000000.0,56950000000.0
2025-01-22,180.12815651283853,182.20247116055924,178.66008669095842,181.92634133492203,73309509,0.0,0.0,2025,1,0,0,391035000000.0,93736000000.0,106629000000.0,56950000000.0
2025-01-23,180.498173695463,182.33573404886036,180.06726908592606,182.10732089817776,109383646,0.0,0.0,2025,1,0,0,391035000000.0,93736000000.0,106629000000.0,56950000000.0
2025-01-24,180.8624701702956,183.59826345086103,180.69370546904554,182.56377755845557,44070458,0.0,0.0,2025,1,0,0,391035000000.0,93736000000.0,106629000000.0,56950000000.0
2025-01-27,187.0252800687885,188.6164504672037,186.71023750323565,187.59872563352343,68786628,0.0,0.0,2025,1,0,0,391035000000.0,93736000000.0,106629000000.0,56950000000.0
2025-01-28,190.50061213042483,192.3804884559809,190.31195226024124,191.35241485608677,99976460,0.0,0.0,2025,1,0,0,391035000000.0,93736000000.0,106629000000.0,56950000000.0
2025-01-29,188.21308149490625,189.77360117844887,187.839907557377,189.6459281549691,83107766,0.0,0.0,2025,1,0,0,391035000000.0,93736000000.0,106629000000.0,56950000000.0
2025-01-30,187.28397347493353,189.62832701161125,186.3879758743483,189.07116143187076,60609009,0.0,0.0,2025,1,0,0,391035000000.0,93736000000.0,106629000000.0,56950000000.0
2025-01-31,185.63752724078728,186.52121121435965,184.26009892597338,186.14427742819677,81982123,0.0,0.0,2025,1,0,0,391035000000.0,93736000000.0,106629000000.0,56950000000.0
2025-02-03,183.69091938709525,186.1522753918314,182.83881294992318,184.96286340026978,109328706,0.0,0.0,2025,2,0,0,391035000000.0,93736000000.0,106629000000.0,56950000000.0
2025-02-04,184.0781423084039,186.89895596940505,183.10175692902519,185.59407340745048,57863145,0.0,0.0,2025,2,0,0,391035000000.0,93736000000.0,106629000000.0,56950000000.0
2025-02-05,187.46136971553403,188.45113317734356,187.07875556328068,188.00578064922695,99685438,0.0,0.0,2025,2,0,0,391035000000.0,93736000000.0,106629000000.0,56950000000.0
2025-02-06,185.44557963740962,187.5826017961269,184.22476256846622,186.54761297373972,98780874,0.0,0.0,2025,2,0,0,391035000000.0,93736000000.0,106629000000.0,56950000000.0
2025-02-07,183.3958677715286,185.52042801844573,182.43096329962077,185.23932009360414,110856413,0.0,0.0,2025,2,0,0,391035000000.0,93736000000.0,106629000000.0,56950000000.0
2025-02-10,179.43732282084304,181.42995556996922,178.1275312599732,180.94474203412682,63835323,0.0,0.0,2025,2,0,0,391035000000.0,93736000000.0,106629000000.0,56950000000.0
2025-02-11,179.7629226479961,180.9135264877638,178.334542298188,180.619410193037,57273983,0.0,0.0,2025,2,0,0,391035000000.0,93736000000.0,106629000000.0,56950000000.0
2025-02-12,176.71540967487,178.9915104425568,176.12834858881075,178.49458136931787,83812372,0.0,0.0,2025,2,0,0,391035000000.0,93736000000.0,106629000000.0,56950000000.0
2025-02-13,176.41365537947146,178.4803336808747,176.18684469752185,177.43570251458573,82503420,0.0,0.0,2025,2,0,0,391035000000.0,93736000000.0,106629000000.0,56950000000.0
2025-02-14,173.90196395153447,177.05643863250992,173.48566341045097,175.68198095825056,72762793,0.0,0.0,2025,2,0,0,391035000000.0,93736000000.0,106629000000.0,56950000000.0
2025-02-17,174.54504037306708,175.87698722083928,173.8320621811209,175.49345584974543,102341595,0.0,0.0,2025,2,0,0,391035000000.0,93736000000.0,106629000000.0,56950000000.0
2025-02-18,170.59251869070744,172.83690971596317,169.16854757815318,171.97799906703216,103923887,0.0,0.0,2025,2,0,0,391035000000.0,93736000000.0,106629000000.0,56950000000.0
2025-02-19,167.94849847462845,170.12585611799102,167.31886472330567,169.0439085762502,59655979,0.0,0.0,2025,2,0,0,391035000000.0,93736000000.0,106629000000.0,56950000000.0
2025-02-20,172.39016522417418,174.73649425618657,171.21108272504267,173.3024028003068,103642367,0.0,0.0,2025,2,0,0,391035000000.0,93736000000.0,106629000000.0,56950000000.0
2025-02-21,168.89772129450094,171.68164231380078,168.04105392546188,170.72755763775874,58459704,0.0,0.0,2025,2,0,0,391035000000.0,93736000000.0,106629000000.0,56950000000.0
2025-02-24,167.7525959579402,168.9911361842878,167.39666367933683,168.53398648084945,72610703,0.0,0.0,2025,2,0,0,391035000000.0,93736000000.0,106629000000.0,56950000000.0
2025-02-25,171.58059615063843,173.1834829571716,171.0315683841036,172.2078135374921,42174570,0.0,0.0,2025,2,0,0,391035000000.0,93736000000.0,106629000000.0,56950000000.0
2025-02-26,177.00505746815438,178.5666355023221,175.99058882912243,178.01794787597288,67231519,0.0,0.0,2025,2,0,0,391035000000.0,93736000000.0,106629000000.0,56950000000.0
2025-02-27,174.09835589685986,177.1413943652906,173.056361144301,175.67481461832222,116681223,0.0,0.0,2025,2,0,0,391035000000.0,93736000000.0,106629000000.0,56950000000.0
2025-02-28,173.22716929578172,175.59786329397522,172.51850565024907,174.93831670474614,75404992,0.0,0.0,2025,2,0,0,391035000000.0,93736000000.0,106629000000.0,56950000000.0
2025-03-03,173.623312751527,176.6810266156926,173.20320890780005,175.62142780662717,96801350,0.0,0.0,2025,3,0,0,391035000000.0,93736000000.0,106629000000.0,56950000000.0
2025-03-04,178.13428000992158,179.2113417107238,177.02361051860385,179.07882309543834,48634140,0.0,0.0,2025,3,0,0,391035000000.0,93736000000.0,106629000000.0,56950000000.0
2025-03-05,175.99319601188495,177.76519496317053,175.65677375362714,177.10510893858188,90844828,0.0,0.0,2025,3,0,0,391035000000.0,93736000000.0,106629000000.0,56950000000.0
2025-03-06,175.9093213296532,177.93970390534918,174.49798376104204,176.61455324669765,69726018,0.0,0.0,2025,3,0,0,391035000000.0,93736000000.0,106629000000.0,56950000000.0
2025-03-07,176.8069205043866,179.12354682102767,176.44385549373553,178.16922839882113,99519577,0.0,0.0,2025,3,0,0,391035000000.0,93736000000.0,106629000000.0,56950000000.0
2025-03-10,177.04239049186,179.76028058870875,176.79215318389447,179.03876054775438,114241534,0.0,0.0,2025,3,0,0,391035000000.0,93736000000.0,106629000000.0,56950000000.0
2025-03-11,176.73512689011318,179.6967609045042,175.93842010680166,178.28644840529418,82529033,0.0,0.0,2025,3,0,0,391035000000.0,93736000000.0,106629000000.0,56950000000.0
2025-03-12,176.62598321564204,179.31438060286823,175.79861377828846,178.0188024762621,48226217,0.0,0.0,2025,3,0,0,391035000000.0,93736000000.0,106629000000.0,56950000000.0
2025-03-13,174.18045722013943,175.82011280287423,173.3689871394499,175.26901085952213,78090705,0.0,0.0,2025,3,0,0,391035000000.0,93736000000.0,106629000000.0,56950000000.0
2025-03-14,172.9197152311445,175.6550311344307,172.2083807460701,174.79266337157281,49848704,0.0,0.0,2025,3,0,0,391035000000.0,93736000000.0,106629000000.0,56950000000.0
2025-03-17,173.0145134973594,175.04564235008436,171.52177264739794,174.2598883915549,75962579,0.0,0.0,2025,3,0,0,391035000000.0,93736000000.0,106629000000.0,56950000000.0
2025-03-18,174.0226778008378,175.70931167096822,173.241884943099,174.7242281708074,44891761,0.0,0.0,2025,3,0,0,391035000000.0,93736000000.0,106629000000.0,56950000000.0
2025-03-19,172.56550603837067,174.18132950691162,171.79638082533492,173.61357373316937,91235136,0.0,0.0,2025,3,0,0,391035000000.0,93736000000.0,106629000000.0,56950000000.0
2025-03-20,173.955900774988,174.9985377793319,173.26542828718763,174.55665077825967,64836047,0.0,0.0,2025,3,0,0,391035000000.0,93736000000.0,106629000000.0,56950000000.0
2025-03-21,175.77911385736616,177.95982298325706,175.5855578007841,176.58208241389931,56122798,0.0,0.0,2025,3,0,0,391035000000.0,93736000000.0,106629000000.0,56950000000.0
2025-03-24,176.36643789773638,178.28636536853415,175.4362986141269,176.89294106923623,41384284,0.0,0.0,2025,3,0,0,391035000000.0,93736000000.0,106629000000.0,56950000000.0
2025-03-25,176.4165340112844,178.87710592610142,175.99737913017194,177.59645388603465,111044695,0.0,0.0,2025,3,0,0,391035000000.0,93736000000.0,106629000000.0,56950000000.0
2025-03-26,176.2509541837627,179.17225078426077,175.25830161144202,177.7027645811904,106975666,0.0,0.0,2025,3,0,0,391035000000.0,93736000000.0,106629000000.0,56950000000.0
2025-03-27,176.68799467380487,178.84592150346478,176.516827827077,177.70293336737322,104940189,0.0,0.0,2025,3,0,0,391035000000.0,93736000000.0,106629000000.0,56950000000.0
2025-03-28,175.1292446430296,177.43035142027432,173.65530270127542,176.25981730028752,44650945,0.0,0.0,2025,3,0,0,391035000000.0,93736000000.0,106629000000.0,56950000000.0
2025-03-31,174.9539919143673,178.06043195238183,174.19738480374954,176.89280582363415,67965088,0.0,0.0,2025,3,0,0,391035000000.0,93736000000.0,106629000000.0,56950000000.0
2025-04-01,175.0702879444448,177.4710833101264,173.7148304242178,176.69823262680717,117707959,0.0,0.0,2025,4,0,0,391035000000.0,93736000000.0,106629000000.0,56950000000.0
2025-04-02,179.57328428925092,181.62360231698833,178.8074986467248,180.88456924466834,86288743,0.0,0.0,2025,4,0,0,391035000000.0,93736000000.0,106629000000.0,56950000000.0
2025-04-03,183.10446773695108,184.46759583622745,182.92000459094717,184.03127904961883,50279641,0.0,0.0,2025,4,0,0,391035000000.0,93736000000.0,106629000000.0,56950000000.0
2025-04-04,182.95747695657235,185.80571902683485,181.706377992041,184.80297215473183,51282183,0.0,0.0,2025,4,0,0,391035000000.0,93736000000.0,106629000000.0,56950000000.0
2025-04-07,182.42421206002132,183.78190592588558,181.41675483848732,183.2768577353423,61048924,0.0,0.0,2025,4,0,0,391035000000.0,93736000000.0,106629000000.0,56950000000.0
2025-04-08,180.06402069560045,181.51296656495876,178.86956082899692,181.05203479137546,117787699,0.0,0.0,2025,4,0,0,391035000000.0,93736000000.0,106629000000.0,56950000000.0
2025-04-09,181.57072347591878,184.3546666212877,180.87128566700636,183.4343206975532,53568945,0.0,0.0,2025,4,0,0,391035000000.0,93736000000.0,106629000000.0,56950000000.0
2025-04-10,182.66550606491987,184.63379449136252,181.67239462297456,183.95981914784747,94241073,0.0,0.0,2025,4,0,0,391035000000.0,93736000000.0,106629000000.0,56950000000.0
2025-04-11,183.30662903050373,185.32650520694318,182.00790842518848,184.92010595463069,113751800,0.0,0.0,2025,4,0,0,391035000000.0,93736000000.0,106629000000.0,56950000000.0
2025-04-14,180.04481678943665,182.6734124041363,179.06132516941602,181.4309339806823,106081023,0.0,0.0,2025,4,0,0,391035000000.0,93736000000.0,106629000000.0,56950000000.0
2025-04-15,181.80565213028441,184.59060883081077,181.21890904151414,183.28581094379865,66573043,0.0,0.0,2025,4,0,0,391035000000.0,93736000000.0,106629000000.0,56950000000.0
2025-04-16,183.24557668295517,184.5294309477763,182.2180352508425,184.1946516202274,106231635,0.0,0.0,2025,4,0,0,391035000000.0,93736000000.0,106629000000.0,56950000000.0
2025-04-17,181.11173215895846,182.08430009731845,180.07113629489876,181.97379025139844,53530776,0.0,0.0,2025,4,0,0,391035000000.0,93736000000.0,106629000000.0,56950000000.0
2025-04-18,180.04700211574553,181.60132259243966,178.60218036823625,181.03074063649854,63277538,0.0,0.0,2025,4,0,0,391035000000.0,93736000000.0,106629000000.0,56950000000.0
2025-04-21,180.82501269908644,182.77469021516464,180.2057354489281,181.55817504521158,56941773,0.0,0.0,2025,4,0,0,391035000000.0,93736000000.0,106629000000.0,56950000000.0
2025-04-22,179.85163709398785,182.9379520546521,179.15652261946806,181.66310864192405,50653478,0.0,0.0,2025,4,0,0,391035000000.0,93736000000.0,106629000000.0,56950000000.0
2025-04-23,180.15389587044177,181.3724269684794,178.91692372477988,181.07876627031695,47200111,0.0,0.0,2025,4,0,0,391035000000.0,93736000000.0,106629000000.0,56950000000.0
2025-04-24,179.52955564256345,182.0558599958413,178.7214884019236,180.87178973418503,54991938,0.0,0.0,2025,4,0,0,391035000000.0,93736000000.0,106629000000.0,56950000000.0
2025-04-25,178.6798733400592,180.62982081200445,177.5486710096972,180.36783497777125,49608850,0.0,0.0,2025,4,0,0,391035000000.0,93736000000.0,106629000000.0,56950000000.0
2025-04-28,178.99722383791263,181.31904762819534,178.2536305876776,180.6729600019762,70434004,0.0,0.0,2025,4,0,0,391035000000.0,93736000000.0,106629000000.0,56950000000.0
2025-04-29,182.4583645600862,185.11399726897918,182.05667136154844,183.6159439479625,45704362,0.0,0.0,2025,4,0,0,391035000000.0,93736000000.0,106629000000.0,56950000000.0
2025-04-30,177.26824110321982,178.8522542186232,176.1249557233264,178.48262706609992,44902137,0.0,0.0,2025,4,0,0,391035000000.0,93736000000.0,106629000000.0,56950000000.0
2025-05-01,176.016873913678,178.32447555268922,175.73325667681942,178.00892653708055,119185845,0.0,0.0,2025,5,0,0,391035000000.0,93736000000.0,106629000000.0,56950000000.0
2025-05-02,176.8500551643569,179.05387184539094,176.47203803541305,178.36195137982543,47015546,0.0,0.0,2025,5,0,0,391035000000.0,93736000000.0,106629000000.0,56950000000.0
2025-05-05,177.2319816945228,179.92147529555746,176.2544267186249,178.95393935919964,45924614,0.0,0.0,2025,5,0,0,391035000000.0,93736000000.0,106629000000.0,56950000000.0
2025-05-06,176.3562792427282,179.61617129193561,175.2101015224593,178.21011019655705,42408488,0.0,0.0,2025,5,0,0,391035000000.0,93736000000.0,106629000000.0,56950000000.0
2025-05-07,173.0152818772559,176.16981623534613,171.66271883564096,174.6966666315999,50603366,0.0,0.0,2025,5,0,0,391035000000.0,93736000000.0,106629000000.0,56950000000.0
2025-05-08,174.57488858159775,175.55015449025606,174.0932674852155,175.3526575990281,82233531,0.0,0.0,2025,5,0,0,391035000000.0,93736000000.0,106629000000.0,56950000000.0
2025-05-09,177.46410192675012,179.10055455164354,177.20908796470934,178.80735802735649,106180367,0.0,0.0,2025,5,0,0,391035000000.0,93736000000.0,106629000000.0,56950000000.0
2025-05-12,175.0867939815524,176.9466683809786,173.64832865822072,175.7396352175242,98791404,0.0,0.0,2025,5,0,0,391035000000.0,93736000000.0,106629000000.0,56950000000.0
2025-05-13,175.9879080550746,177.9461762580998,175.6717157318436,177.4672912449206,86419217,0.0,0.0,2025,5,0,0,391035000000.0,93736000000.0,106629000000.0,56950000000.0
2025-05-14,174.8772166563931,178.14902948198372,174.5004828812366,176.8102407986748,46801967,0.0,0.0,2025,5,0,0,391035000000.0,93736000000.0,106629000000.0,56950000000.0
2025-05-15,175.41849401056695,177.71642666713782,174.9106327755851,176.6875921070171,101953376,0.0,0.0,2025,5,0,0,391035000000.0,93736000000.0,106629000000.0,56950000000.0
2025-05-16,173.43233634630755,174.83837780894214,172.59118845067076,174.5817950856092,42980108,0.0,0.0,2025,5,0,0,391035000000.0,93736000000.0,106629000000.0,56950000000.0
2025-05-19,173.35911861377022,175.17842373979107,172.0231628213225,173.91288274089746,90472960,0.0,0.0,2025,5,0,0,391035000000.0,93736000000.0,106629000000.0,56950000000.0
2025-05-20,174.57331014680156,176.85987086230668,173.40854571497974,176.51297193029538,72746551,0.0,0.0,2025,5,0,0,391035000000.0,93736000000.0,106629000000.0,56950000000.0
2025-05-21,177.02377838807556,178.3711759668223,175.93235781269587,177.6782824142708,110574005,0.0,0.0,2025,5,0,0,391035000000.0,93736000000.0,106629000000.0,56950000000.0
2025-05-22,180.5812869851334,182.0159645250737,180.236034190135,181.14290562509066,64602646,0.0,0.0,2025,5,0,0,391035000000.0,93736000000.0,106629000000.0,56950000000.0
2025-05-23,182.62862948578865,184.29880201175845,182.02787380165228,183.49772940304607,91077402,0.0,0.0,2025,5,0,0,391035000000.0,93736000000.0,106629000000.0,56950000000.0
2025-05-26,183.77760711002765,185.43653084276642,183.00784021350628,184.3759027609052,75199600,0.0,0.0,2025,5,0,0,391035000000.0,93736000000.0,106629000000.0,56950000000.0
2025-05-27,186.68109504962314,188.87753324205775,186.37469871474332,187.8637718132408,81770007,0.0,0.0,2025,5,0,0,391035000000.0,93736000000.0,106629000000.0,56950000000.0
2025-05-28,187.46762642883172,190.23061693845665,186.98482484585438,188.7417581307174,115103834,0.0,0.0,2025,5,0,0,391035000000.0,93736000000.0,106629000000.0,56950000000.0
2025-05-29,189.42887956076865,191.89692515722538,188.89721307523467,190.3977344843115,97019975,0.0,0.0,2025,5,0,0,391035000000.0,93736000000.0,106629000000.0,56950000000.0
2025-05-30,189.22815185337976,190.627635740932,188.94996517571911,189.8045925772421,73164478,0.0,0.0,2025,5,0,0,391035000000.0,93736000000.0,106629000000.0,56950000000.0
2025-06-02,189.27028365658668,190.17096293070574,188.39994808791513,189.93768420896052,75791420,0.0,0.0,2025,6,0,0,391035000000.0,93736000000.0,106629000000.0,56950000000.0
2025-06-03,187.46607999537505,189.66181718091616,186.37904052024118,188.54283656235995,96365710,0.0,0.0,2025,6,0,0,391035000000.0,93736000000.0,106629000000.0,56950000000.0
2025-06-04,189.93121175530985,191.98933414105286,189.73330747124223,190.52200443154965,67685105,0.0,0.0,2025,6,0,0,391035000000.0,93736000000.0,106629000000.0,56950000000.0
2025-06-05,186.61811259690506,188.71105412800057,185.84454025443665,188.16539718531993,53428629,0.0,0.0,2025,6,0,0,391035000000.0,93736000000.0,106629000000.0,56950000000.0
2025-06-06,188.91956705786802,190.47579031032785,187.7244713844931,189.73009787015525,77412196,0.0,0.0,2025,6,0,0,391035000000.0,93736000000.0,106629000000.0,56950000000.0
2025-06-09,188.39568840196947,190.04348344988657,187.24850222143604,189.34879575514492,45458007,0.0,0.0,2025,6,0,0,391035000000.0,93736000000.0,106629000000.0,56950000000.0
2025-06-10,190.60010127631244,191.86327675845928,189.3589989416062,191.69128994207958,53577128,0.0,0.0,2025,6,0,0,391035000000.0,93736000000.0,106629000000.0,56950000000.0
2025-06-11,192.06811346993837,194.2341981232549,191.3405765834995,193.1930279195421,73656672,0.0,0.0,2025,6,0,0,391035000000.0,93736000000.0,106629000000.0,56950000000.0
2025-06-12,196.3318291733235,197.42899300793155,195.08304925762772,196.8343202348357,103725738,0.0,0.0,2025,6,0,0,391035000000.0,93736000000.0,106629000000.0,56950000000.0
2025-06-13,197.62776406061494,199.49831904159709,197.19070976091496,198.29586961711297,102513400,0.0,0.0,2025,6,0,0,391035000000.0,93736000000.0,106629000000.0,56950000000.0
2025-06-16,193.35764226019518,196.4167572112013,192.75250747421066,195.1517891058065,60856302,0.0,0.0,2025,6,0,0,391035000000.0,93736000000.0,106629000000.0,56950000000.0
2025-06-17,194.51603316624224,196.2676058612471,194.16913535925733,195.0178827600101,73754232,0.0,0.0,2025,6,0,0,391035000000.0,93736000000.0,106629000000.0,56950000000.0
2025-06-18,191.41161734110116,193.3572007720763,190.65713898590116,192.67386837482047,52282523,0.0,0.0,2025,6,0,0,391035000000.0,93736000000.0,106629000000.0,56950000000.0
2025-06-19,190.40305568032713,192.1874726452252,189.75417164894552,191.63730869008793,100419533,0.0,0.0,2025,6,0,0,391035000000.0,93736000000.0,106629000000.0,56950000000.0
2025-06-20,193.66012431512542,195.80811464817523,193.22282635214538,194.65976555664136,59708179,0.0,0.0,2025,6,0,0,391035000000.0,93736000000.0,106629000000.0,56950000000.0
2025-06-23,194.78784264821707,197.15677838581655,193.63534965529396,195.93483317843675,103962107,0.0,0.0,2025,6,0,0,391035000000.0,93736000000.0,106629000000.0,56950000000.0
2025-06-24,192.86610061498936,195.32473274622717,192.32671513403307,194.53697232127925,107365612,0.0,0.0,2025,6,0,0,391035000000.0,93736000000.0,106629000000.0,56950000000.0
2025-06-25,190.74773202907605,193.8597810157493,190.26580596687188,192.50953758839847,95126808,0.0,0.0,2025,6,0,0,391035000000.0,93736000000.0,106629000000.0,56950000000.0
2025-06-26,191.68457895902813,192.87657394866096,191.40133249583744,192.575101774151,66416103,0.0,0.0,2025,6,0,0,391035000000.0,93736000000.0,106629000000.0,56950000000.0
2025-06-27,189.15824581393713,191.47267776691126,188.4438954314144,190.14198147538872,116232730,0.0,0.0,2025,6,0,0,391035000000.0,93736000000.0,106629000000.0,56950000000.0
2025-06-30,187.93597664105306,189.0342342467562,187.41182616068085,188.79970092059557,94883989,0.0,0.0,2025,6,0,0,391035000000.0,93736000000.0,106629000000.0,56950000000.0
2025-07-01,188.20392476287148,189.73865559457454,187.58694278499414,189.42371986369807,91667161,0.0,0.0,2025,7,0,0,391035000000.0,93736000000.0,106629000000.0,56950000000.0
2025-07-02,190.20945639942323,192.581719954495,189.77906023175447,191.73434393591145,108512770,0.0,0.0,2025,7,0,0,391035000000.0,93736000000.0,106629000000.0,56950000000.0
2025-07-03,192.10948756716522,193.14639275262272,190.94106988141735,192.95186688036034,46219573,0.0,0.0,2025,7,0,0,391035000000.0,93736000000.0,106629000000.0,56950000000.0
2025-07-04,187.3731842500818,188.54321780512427,185.9711795637852,188.36928786316412,110523800,0.0,0.0,2025,7,0,0,391035000000.0,93736000000.0,106629000000.0,56950000000.0
2025-07-07,187.0824443948409,189.07874756305662,186.28533980093647,188.97802132122465,101201952,0.0,0.0,2025,7,0,0,391035000000.0,93736000000.0,106629000000.0,56950000000.0
2025-07-08,188.54923453291937,189.83293179126179,187.5490367402422,189.12208846768982,56521755,0.0,0.0,2025,7,0,0,391035000000.0,93736000000.0,106629000000.0,56950000000.0
2025-07-09,188.75871463057584,191.13434247224433,187.44467344332645,189.9498690384352,64613237,0.0,0.0,2025,7,0,0,391035000000.0,93736000000.0,106629000000.0,56950000000.0
2025-07-10,191.61495133934244,193.33106209212949,190.11658984707532,193.1822884017376,100213214,0.0,0.0,2025,7,0,0,391035000000.0,93736000000.0,106629000000.0,56950000000.0
2025-07-11,188.33013083079192,190.0689724971803,187.37120775217016,189.05581184812812,57329789,0.0,0.0,2025,7,0,0,391035000000.0,93736000000.0,106629000000.0,56950000000.0
2025-07-14,187.30254396773768,189.12598324212857,185.95685271458186,187.8736049977459,76193196,0.0,0.0,2025,7,0,0,391035000000.0,93736000000.0,106629000000.0,56950000000.0
2025-07-15,188.34810958587482,189.39061883134164,186.97605804069693,189.05541764333262,95112116,0.0,0.0,2025,7,0,0,391035000000.0,93736000000.0,106629000000.0,56950000000.0
2025-07-16,184.0139940541287,186.1978380731747,182.80596197119803,185.89222884442472,92039164,0.0,0.0,2025,7,0,0,391035000000.0,93736000000.0,106629000000.0,56950000000.0
2025-07-17,188.33023726780004,190.1492483036005,187.5849333202977,188.84412694053174,112783729,0.0,0.0,2025,7,0,0,391035000000.0,93736000000.0,106629000000.0,56950000000.0
2025-07-18,188.79835720371605,190.8332146198632,188.58474160312258,189.58084016593307,48922956,0.0,0.0,2025,7,0,0,391035000000.0,93736000000.0,106629000000.0,56950000000.0
2025-07-21,190.72708286826742,192.12852661038974,190.60495509065123,191.2740081376199,63601536,0.0,0.0,2025,7,0,0,391035000000.0,93736000000.0,106629000000.0,56950000000.0
2025-07-22,189.466176613233,191.37900064558787,188.6980957266369,190.1321208145763,118790346,0.0,0.0,2025,7,0,0,391035000000.0,93736000000.0,106629000000.0,56950000000.0
2025-07-23,190.32942426456626,191.98950670290301,189.5373839176178,191.7596481945087,85506704,0.0,0.0,2025,7,0,0,391035000000.0,93736000000.0,106629000000.0,56950000000.0
2025-07-24,193.03413294337815,194.54886543160103,192.36382560037,193.89659130648678,59896559,0.0,0.0,2025,7,0,0,391035000000.0,93736000000.0,106629000000.0,56950000000.0
2025-07-25,193.0085292711151,195.49526392531004,192.1130949793072,194.3623473467611,63186729,0.0,0.0,2025,7,0,0,391035000000.0,93736000000.0,106629000000.0,56950000000.0
2025-07-28,193.44585605800933,195.29158187521207,192.57282827338312,194.83114913215852,67137005,0.0,0.0,2025,7,0,0,391035000000.0,93736000000.0,106629000000.0,56950000000.0
2025-07-29,193.5976826110873,196.52509609092894,192.32642435364153,195.37183561072197,84342846,0.0,0.0,2025,7,0,0,391035000000.0,93736000000.0,106629000000.0,56950000000.0
2025-07-30,193.13803299187538,194.4509951273903,192.8859130473082,193.6451450812432,62763379,0.0,0.0,2025,7,0,0,391035000000.0,93736000000.0,106629000000.0,56950000000.0
2025-07-31,191.57003353174895,194.50046010389002,191.1547847992012,193.3500877207625,89748962,0.0,0.0,2025,7,0,0,391035000000.0,93736000000.0,106629000000.0,56950000000.0
2025-08-01,191.6163640262173,193.79559414885804,190.40615705567382,193.04504265585777,75621389,0.0,0.0,2025,8,0,0,391035000000.0,93736000000.0,106629000000.0,56950000000.0
2025-08-04,193.0677151554073,194.4268964608753,191.78074354129419,193.81183038456476,88826831,0.0,0.0,2025,8,0,0,391035000000.0,93736000000.0,106629000000.0,56950000000.0
2025-08-05,194.1520727961824,196.21834378145542,192.6593188971132,195.81147887838534,52409692,0.0,0.0,2025,8,0,0,391035000000.0,93736000000.0,106629000000.0,56950000000.0
2025-08-06,191.91116940174265,194.08613779243757,190.58909257880075,193.69440671442854,89883709,0.0,0.0,2025,8,0,0,391035000000.0,93736000000.0,106629000000.0,56950000000.0
2025-08-07,192.56299342815817,194.59647578858934,191.2171348182569,193.4443886537894,113979330,0.0,0.0,2025,8,0,0,391035000000.0,93736000000.0,106629000000.0,56950000000.0
2025-08-08,194.5291092277533,196.67377423635486,193.98902210807145,196.40729974910732,50806383,0.0,0.0,2025,8,0,0,391035000000.0,93736000000.0,106629000000.0,56950000000.0
2025-08-11,193.73843714603422,195.14049858163753,193.0761108584211,194.9201232914822,66195458,0.0,0.0,2025,8,0,0,391035000000.0,93736000000.0,106629000000.0,56950000000.0
2025-08-12,191.87048657540157,193.62243116793255,191.3951674286528,193.27562325690155,95483237,0.0,0.0,2025,8,0,0,391035000000.0,93736000000.0,106629000000.0,56950000000.0
2025-08-13,191.7032613401375,194.02572075659944,190.75444218266767,193.68023564056395,89392355,0.0,0.0,2025,8,0,0,391035000000.0,93736000000.0,106629000000.0,56950000000.0
2025-08-14,194.32670190357578,196.62135669346424,192.91237440768592,195.36900602153457,93980028,0.0,0.0,2025,8,0,0,391035000000.0,93736000000.0,106629000000.0,56950000000.0
2025-08-15,193.67211911392573,196.0497674055198,193.08962187280946,195.3918581326559,84765164,0.0,0.0,2025,8,0,0,391035000000.0,93736000000.0,106629000000.0,56950000000.0
2025-08-18,197.07218063678718,199.53632315383456,196.19237814215316,198.04977931352988,94607049,0.0,0.0,2025,8,0,0,391035000000.0,93736000000.0,106629000000.0,56950000000.0
2025-08-19,198.0645469953007,200.0554630395698,197.5497275126658,199.76336727866294,88750990,0.0,0.0,2025,8,0,0,391035000000.0,93736000000.0,106629000000.0,56950000000.0
2025-08-20,200.0459065341491,202.46196316841417,199.70818657086733,201.44700741244307,45925644,0.0,0.0,2025,8,0,0,391035000000.0,93736000000.0,106629000000.0,56950000000.0
2025-08-21,201.73070687225314,203.283461725173,201.357447130507,202.55524041509125,100102680,0.0,0.0,2025,8,0,0,391035000000.0,93736000000.0,106629000000.0,56950000000.0
2025-08-22,206.08950747509957,207.86063206315933,205.9083839927462,207.21054661578341,75747107,0.0,0.0,2025,8,0,0,391035000000.0,93736000000.0,106629000000.0,56950000000.0
2025-08-25,205.82376978650598,208.12534111672704,204.39475885429303,206.80022323805133,44116063,0.0,0.0,2025,8,0,0,391035000000.0,93736000000.0,106629000000.0,56950000000.0
2025-08-26,202.17601606429776,204.25901255807804,201.51198461238707,202.7931786539183,72722810,0.0,0.0,2025,8,0,0,391035000000.0,93736000000.0,106629000000.0,56950000000.0
2025-08-27,205.45693522180304,207.32368991923644,204.1891659730001,206.0016873769526,74814375,0.0,0.0,2025,8,0,0,391035000000.0,93736000000.0,106629000000.0,56950000000.0
2025-08-28,204.06657053192816,205.45550946568812,203.0127092701626,205.08628851503894,46936918,0.0,0.0,2025,8,0,0,391035000000.0,93736000000.0,106629000000.0,56950000000.0
2025-08-29,204.77349818199878,205.7111664934175,204.40480855602326,205.302049403725,119687062,0.0,0.0,2025,8,0,0,391035000000.0,93736000000.0,106629000000.0,56950000000.0
2025-09-01,207.1729191370734,208.93965420417913,206.82727199186266,207.92115077344604,57789434,0.0,0.0,2025,9,0,0,391035000000.0,93736000000.0,106629000000.0,56950000000.0
2025-09-02,203.1288567100519,205.2213487056217,201.89207322793715,204.71663169132822,66452625,0.0,0.0,2025,9,0,0,391035000000.0,93736000000.0,106629000000.0,56950000000.0
2025-09-03,200.65120040959056,203.34195244620875,200.1806040147232,202.21333726311593,75277010,0.0,0.0,2025,9,0,0,391035000000.0,93736000000.0,106629000000.0,56950000000.0
2025-09-04,197.40291080919215,199.90377030001173,196.02431155200938,199.01078138887823,106600489,0.0,0.0,2025,9,0,0,391035000000.0,93736000000.0,106629000000.0,56950000000.0
2025-09-05,196.4467790521324,198.2937810847139,196.1507014855671,197.42250880882736,99432504,0.0,0.0,2025,9,0,0,391035000000.0,93736000000.0,106629000000.0,56950000000.0
2025-09-08,196.46675283518482,199.56174771563568,195.41796077494857,198.30178202086137,101677045,0.0,0.0,2025,9,0,0,391035000000.0,93736000000.0,106629000000.0,56950000000.0
2025-09-09,197.95941188444422,200.44490358692664,196.71914845800092,199.3501577064869,58964966,0.0,0.0,2025,9,0,0,391035000000.0,93736000000.0,106629000000.0,56950000000.0
2025-09-10,199.21366655252407,200.0399149361402,198.78430760874218,199.902706065144,107634768,0.0,0.0,2025,9,0,0,391035000000.0,93736000000.0,106629000000.0,56950000000.0
2025-09-11,196.36159630517596,197.2464170893637,195.87490599633676,197.07717429735928,106379992,0.0,0.0,2025,9,0,0,391035000000.0,93736000000.0,106629000000.0,56950000000.0
2025-09-12,190.91732428369943,193.3991492575324,189.46699784310454,192.456967424094,77108723,0.0,0.0,2025,9,0,0,391035000000.0,93736000000.0,106629000000.0,56950000000.0
2025-09-15,191.80625869021162,193.34634350074592,191.335822042727,192.56567459487474,83663862,0.0,0.0,2025,9,0,0,391035000000.0,93736000000.0,106629000000.0,56950000000.0
2025-09-16,190.361183475225,192.08638104507824,189.65924360536494,191.62212252759807,42971201,0.0,0.0,2025,9,0,0,391035000000.0,93736000000.0,106629000000.0,56950000000.0
2025-09-17,190.55323235713823,193.227012593272,189.84771052659892,192.5408940710313,100833734,0.0,0.0,2025,9,0,0,391035000000.0,93736000000.0,106629000000.0,56950000000.0
2025-09-18,193.43878991637385,195.10587576969985,192.9845412664723,193.94480132347385,116873805,0.0,0.0,2025,9,0,0,391035000000.0,93736000000.0,106629000000.0,56950000000.0
2025-09-19,193.69641448474488,195.4785402661123,192.51030696373294,194.2212841875912,77804478,0.0,0.0,2025,9,0,0,391035000000.0,93736000000.0,106629000000.0,56950000000.0
2025-09-22,193.75192348544715,196.62726265338898,192.57133440492635,195.74155035834292,83240111,0.0,0.0,2025,9,0,0,391035000000.0,93736000000.0,106629000000.0,56950000000.0
2025-09-23,194.8230148553718,196.839490379773,194.1933696354585,196.19997310657305,79935538,0.0,0.0,2025,9,0,0,391035000000.0,93736000000.0,106629000000.0,56950000000.0
2025-09-24,196.5697375544982,197.73907798386912,195.30056144698517,197.26010251777598,46611586,0.0,0.0,2025,9,0,0,391035000000.0,93736000000.0,106629000000.0,56950000000.0
2025-09-25,194.0048026924051,196.6814418511132,193.6064977842465,195.85075599203623,89577551,0.0,0.0,2025,9,0,0,391035000000.0,93736000000.0,106629000000.0,56950000000.0
